slug,provider,offer,actionButtons,chain,technology,monitoringAndAnalytics,additionalFeatures,starred,availableApis,sdk,searchCapabilities,smartContractsVerifications,fullHistory,pricing,tag
3xpl-mainnet,,!offer:3xpl,"[""[Explore](https://3xpl.com/ethereum)""]",mainnet,,,,,,,,,,,
beaconchain-mainnet,,!offer:beaconchain,"[""[Explore](https://beaconcha.in/)""]",mainnet,,,,,,,,,,,
blockchair-mainnet,,!offer:blockchair,"[""[Explore](https://blockchair.com/ethereum)""]",mainnet,,,,,,,,,,,
blockcypher-mainnet,,!offer:blockcypher,"[""[Explore](https://live.blockcypher.com/eth/)""]",mainnet,,,,,,,,,,,
blockscan-mainnet,,!offer:blockscan,"[""[Explore](https://blockscan.com/)""]",mainnet,,,,,,,,,,,
blockscan-testnet,,!offer:blockscan,,testnet,,,,,,,,,,,
blockscout-mainnet,,!offer:blockscout,"[""[Explore](https://eth.blockscout.com)""]",mainnet,,,,,,,,,,,
blockscout-sepolia,,!offer:blockscout,"[""[Explore](https://eth-sepolia.blockscout.com)""]",sepolia,,,,,,,,,,,
chainlens-growth,,!offer:chainlens-growth,,mainnet,,,,,,,,,,,
chainlens-pro,,!offer:chainlens-pro,,mainnet,,,,,,,,,,,
chainlens-starter,,!offer:chainlens-starter,,mainnet,,,,,,,,,,,
etherscan-hoodi,,!offer:etherscan,"[""[Explore](https://hoodi.etherscan.io)""]",hoodi,,,,,,,,,,,
etherscan-mainnet,,!offer:etherscan,"[""[Explore](https://etherscan.io)""]",mainnet,,,,,,,,,,,
etherscan-sepolia,,!offer:etherscan,"[""[Explore](https://sepolia.etherscan.io)""]",sepolia,,,,,,,,,,,
ethplorer-mainnet,,!offer:ethplorer,"[""[Explore](https://ethplorer.io)""]",mainnet,,,,,,,,,,,
ethvm-mainnet,,!offer:ethvm,"[""[Explore](https://www.ethvm.com/)""]",mainnet,,,,,,,,,,,
jiffyscan-developer,,!offer:jiffyscan-developer,"[""[Explore](https://jiffyscan.xyz/pricing)""]",mainnet,,,,,,,,,,,
jiffyscan-professional,,!offer:jiffyscan-professional,"[""[Explore](https://jiffyscan.xyz/pricing)""]",mainnet,,,,,,,,,,,
jiffyscan-starter,,!offer:jiffyscan-starter,"[""[Explore](https://jiffyscan.xyz/pricing)""]",mainnet,,,,,,,,,,,
routescan-mainnet,,!offer:routescan,"[""[Explore](https://routescan.io/)""]",mainnet,,,,,,,,,,,
tokenterminal-explorer-mainnet,,!offer:tokenterminal-explorer,"[""[Explore](https://tokenterminal.com/explorer/projects/ethereum)""]",mainnet,,,,,,,,,,,
tokenview-mainnet,,!offer:tokenview,"[""[Explore](https://eth.tokenview.io)""]",mainnet,,,,,,,,,,,
wormholescan-mainnet,,!offer:wormholescan,"[""[Explore](https://wormholescan.io/)""]",mainnet,,,,,,,,,,,
wormholescan-testnet,,!offer:wormholescan,"[""[Explore](https://wormholescan.io/?network=TESTNET)""]",testnet,,,,,,,,,,,
