slug,provider,offer,actionButtons,dataSources,hasDashboard,historicalData,availableApis,price,planName,planType,starred,tag
arkham,Arkham,,"[""[Dashboard](https://arkm.com/register?ref=aee358ba-e4d6-455a-a6e0-741243247160)""]","[""Transactions"",""Active Users"",""Contracts"",""DApp Interactions""]",TRUE,,"[""REST API"",""WebSocket API"",""Arkham Exchange API""]",Custom,,Enterprise,FALSE,
artemis,Artemis,,"[""[Dashboard](https://www.artemis.ai/home)""]","[""On-chain Metrics"",""Financial Metrics"",""Developer Activity"",""Application Activity"",""Stablecoin Metrics""]",TRUE,,,$0,Lite,Free,FALSE,
blockworks,Blockworks,,"[""[Dashboard](https://blockworks.com/analytics/chain-comparison)""]","[""Network fees"",""Transaction activity"",""Contracts deployed"",""Tokens created"",""Retention rate"",""Economics per defi type"",""AI Agents"",""Stablecoins swaps"",""Meme coins""]",TRUE,,"[""Data API"",""Supported Data Types"",""Additional Tools and Libraries""]",$0,,Free,FALSE,
bubblemaps,Bubblemaps,,"[""[Dashboard](https://v2.bubblemaps.io/)""]","[""Token Distribution"",""Wallet Connections""]",TRUE,,"[""REST API""]",$0,,Free,FALSE,
chainspect,Chainspect,,"[""[Dashboard](https://chainspect.app/dashboard)""]","[""Real-time TPS"",""Max TPS"",""Transaction Volume"",""Block Time"",""Finality"",""Total Transactions"",""Nakamoto Coefficient"",""Validators"",""Developer Activity"",""Financial Metrics""]",TRUE,,,$0,,Free,FALSE,
cid-checker,CID Checker,,"[""[Dashboard](https://filecoin.tools/)""]","[""Active Deals"",""Verified Deals""]",FALSE,,"[""REST API""]",$0,,Free,FALSE,
coingecko-api-analyst,CoinGecko,,"[""[Buy](https://www.coingecko.com/en/api/pricing)""]","[""Real-time and historical prices"",""Market capitalization"",""Trading volume analysis"",""DeFi and NFT data""]",TRUE,10 years,"[""Coins & Tokens API"",""Crypto Market API"",""Exchanges & Derivatives API""]","$129/mo (monthly plan), $103.2/mo (yearly plan)",Analyst,Tiered,FALSE,
coingecko-api-basic,CoinGecko,,"[""[Buy](https://www.coingecko.com/en/api/pricing)""]","[""Real-time and historical prices"",""Market capitalization"",""Trading volume analysis"",""DeFi and NFT data""]",TRUE,2 years,"[""Coins & Tokens API"",""Crypto Market API"",""Exchanges & Derivatives API""]","$35/mo (monthly plan), $29/mo (yearly plan)",Basic,Tiered,FALSE,
coingecko-api-enterprise,CoinGecko,,"[""[Contact](https://www.coingecko.com/en/api/enterprise)""]","[""Real-time and historical prices"",""Market capitalization"",""Trading volume analysis"",""DeFi and NFT data""]",TRUE,10 years,"[""Coins & Tokens API"",""Crypto Market API"",""Exchanges & Derivatives API""]",Custom,,Enterprise,FALSE,
coingecko-api-lite,CoinGecko,,"[""[Buy](https://www.coingecko.com/en/api/pricing)""]","[""Real-time and historical prices"",""Market capitalization"",""Trading volume analysis"",""DeFi and NFT data""]",TRUE,10 years,"[""Coins & Tokens API"",""Crypto Market API"",""Exchanges & Derivatives API""]","$499/mo (monthly plan), $399.2/mo (yearly plan)",Lite,Tiered,FALSE,
coinglass,Coinglass,,"[""[Dashboard](https://www.coinglass.com/)""]","[""Derivatives"",""Open Interest"",""Liquidations""]",TRUE,,"[""REST API""]",$0,,Free,FALSE,
coinmarketcap-basic,CoinMarketCap,,"[""[Buy](https://coinmarketcap.com/api/pricing/)""]","[""Exchange Price Feeds"",""Blockchain Data"",""Global Metrics""]",TRUE,,"[""Blockchain Data API"",""Decentralized Exchange Data"",""Exchange Endpoints"",""Tools & Market Data""]",$0,Basic,Tiered,FALSE,
coinmarketcap-enterprise,CoinMarketCap,,"[""[Buy](https://coinmarketcap.com/api/pricing/)""]","[""Exchange Price Feeds"",""Blockchain Data"",""Global Metrics""]",TRUE,,"[""Blockchain Data API"",""Decentralized Exchange Data"",""Exchange Endpoints"",""Tools & Market Data""]",Custom,,Enterprise,FALSE,
coinmarketcap-hobbyist,CoinMarketCap,,"[""[Buy](https://coinmarketcap.com/api/pricing/)""]","[""Exchange Price Feeds"",""Blockchain Data"",""Global Metrics""]",TRUE,,"[""Blockchain Data API"",""Decentralized Exchange Data"",""Exchange Endpoints"",""Tools & Market Data""]","$35/mo (monthly plan), $29/mo (yearly plan)",Hobbyist,Tiered,FALSE,
coinmarketcap-professional,CoinMarketCap,,"[""[Buy](https://coinmarketcap.com/api/pricing/)""]","[""Exchange Price Feeds"",""Blockchain Data"",""Global Metrics""]",TRUE,,"[""Blockchain Data API"",""Decentralized Exchange Data"",""Exchange Endpoints"",""Tools & Market Data""]","$875/mo (monthly plan), $699/mo (yearly plan)",Professional,Tiered,FALSE,
coinmarketcap-standard,CoinMarketCap,,"[""[Buy](https://coinmarketcap.com/api/pricing/)""]","[""Exchange Price Feeds"",""Blockchain Data"",""Global Metrics""]",TRUE,,"[""Blockchain Data API"",""Decentralized Exchange Data"",""Exchange Endpoints"",""Tools & Market Data""]","$375/mo (monthly plan), $299/mo (yearly plan)",Standard,Tiered,FALSE,
coinmarketcap-startup,CoinMarketCap,,"[""[Buy](https://coinmarketcap.com/api/pricing/)""]","[""Exchange Price Feeds"",""Blockchain Data"",""Global Metrics""]",TRUE,,"[""Blockchain Data API"",""Decentralized Exchange Data"",""Exchange Endpoints"",""Tools & Market Data""]","$95/mo (monthly plan), $79/mo (yearly plan)",Startup,Tiered,FALSE,
cryptoquant-advanced,CryptoQuant,,"[""[Dashboard](https://cryptoquant.com/asset/eth)""]","[""Exchange Reserves"",""Network Transactions"",""Derivatives Data"",""Staking Data"",""Market Price/Volume""]",TRUE,Full,"[""REST API""]","$39/mo (monthly plan), $29/mo (yearly plan)",Advanced,Tiered,FALSE,
cryptoquant-basic,CryptoQuant,,"[""[Dashboard](https://cryptoquant.com/asset/eth)""]","[""Exchange Reserves"",""Network Transactions"",""Derivatives Data"",""Staking Data"",""Market Price/Volume""]",TRUE,3 years,"[""REST API""]",$0,Basic,Tiered,FALSE,
cryptoquant-enterprise,CryptoQuant,,"[""[Dashboard](https://cryptoquant.com/asset/eth)""]","[""Exchange Reserves"",""Network Transactions"",""Derivatives Data"",""Staking Data"",""Market Price/Volume""]",TRUE,Full,"[""REST API""]",Custom,,Enterprise,FALSE,
cryptoquant-premium,CryptoQuant,,"[""[Dashboard](https://cryptoquant.com/asset/eth)""]","[""Exchange Reserves"",""Network Transactions"",""Derivatives Data"",""Staking Data"",""Market Price/Volume""]",TRUE,Full,"[""REST API""]",$799/mo (yearly plan only),Premium,Tiered,FALSE,
cryptoquant-professional,CryptoQuant,,"[""[Dashboard](https://cryptoquant.com/asset/eth)""]","[""Exchange Reserves"",""Network Transactions"",""Derivatives Data"",""Staking Data"",""Market Price/Volume""]",TRUE,Full,"[""REST API""]","$109/mo (monthly plan), $99/mo (yearly plan)",Professional,Tiered,FALSE,
defillama-api,DeFiLlama,,"[""[Dashboard](https://defillama.com/subscription)""]","[""DeFi TVL"",""DEX & Perps Volume"",""Bridged Assets"",""Active Addresses"",""Stablecoin Supply""]",TRUE,,"[""REST API""]",$300/mo,API,Tiered,FALSE,
defillama-enterprise,DeFiLlama,,"[""[Dashboard](https://defillama.com/subscription)""]","[""DeFi TVL"",""DEX & Perps Volume"",""Bridged Assets"",""Active Addresses"",""Stablecoin Supply""]",TRUE,,"[""REST API""]",Custom,,Enterprise,FALSE,
defillama-free,DeFiLlama,,"[""[Dashboard](https://defillama.com/)""]","[""DeFi TVL"",""DEX & Perps Volume"",""Bridged Assets"",""Active Addresses"",""Stablecoin Supply""]",TRUE,,"[""REST API""]",$0,,Free,FALSE,
defillama-pro,DeFiLlama,,"[""[Dashboard](https://defillama.com/subscription)""]","[""DeFi TVL"",""DEX & Perps Volume"",""Bridged Assets"",""Active Addresses"",""Stablecoin Supply""]",TRUE,,"[""REST API""]",$40.83/mo ($490/year) (yearly plan),Pro,Tiered,FALSE,
dexscreener,DexScreener,,"[""[Dashboard](https://dexscreener.com/)""]","[""DEX Trading Pairs"",""Token Prices"",""Volume"",""Liquidity"",""Swaps""]",TRUE,,"[""REST API""]",$0,,Free,FALSE,
dune-analyst,Dune,,"[""[Dashboard](https://dune.com/pricing)""]","[""Transactions"",""Gas Usage"",""Bridge Activity"",""Active Users"",""Token Transfers"",""Smart Contract Activity""]",TRUE,,"[""SQL Queries"",""Visualizations""]","$75/mo (monthly plan), $65/mo (yearly plan)",Analyst,Tiered,FALSE,
dune-enterprise,Dune,,"[""[Dashboard](https://dune.com/pricing)""]","[""Transactions"",""Gas Usage"",""Bridge Activity"",""Active Users"",""Token Transfers"",""Smart Contract Activity""]",TRUE,,"[""SQL Queries"",""Visualizations""]",Custom,,Enterprise,FALSE,
dune-free,Dune,,"[""[Dashboard](https://dune.com/home)""]","[""Transactions"",""Gas Usage"",""Bridge Activity"",""Active Users"",""Token Transfers"",""Smart Contract Activity""]",TRUE,,"[""SQL Queries"",""Visualizations""]",$0,,Free,FALSE,
dune-plus,Dune,,"[""[Dashboard](https://dune.com/pricing)""]","[""Transactions"",""Gas Usage"",""Bridge Activity"",""Active Users"",""Token Transfers"",""Smart Contract Activity""]",TRUE,,"[""SQL Queries"",""Visualizations""]","$399/mo (monthly plan), $349/mo (yearly plan)",Plus,Tiered,FALSE,
fil-plus-datacap,FilPlus DataCap Stats,,"[""[Dashboard](https://datacapstats.io/about)""]","[""DataCap Usage"",""DataCap Allocators"", ""DataCap Clients"",""Storage Providers"",""Retrieval Success Rate"",""Storage provider compliance"",""Storage Provider Audit""]",TRUE,,"[""REST API""]",$0,,Free,FALSE,
footprint-analytics-enterprise,Footprint Analytics,,"[""[Dashboard](https://www.footprint.network/)""]","[""GameFi"",""NFT"",""DeFi""]",TRUE,,"[""REST API""]",Custom,,Enterprise,FALSE,
footprint-analytics-free,Footprint Analytics,,"[""[Dashboard](https://www.footprint.network/)""]","[""GameFi"",""NFT"",""DeFi""]",TRUE,,"[""REST API""]",$0,,Free,FALSE,
glassnode,Glassnode,,"[""[Dashboard](https://studio.glassnode.com/dashboards/asset-overview)""]","[""Address Metrics"",""Supply Dynamics"",""Exchange Reserves"",""Fee Revenue"",""Holder Metrics""]",TRUE,,"[""REST API""]","$0/$99/$999/mo (monthly plan), $0/$49/$999/mo (yearly plan)",,Tiered,FALSE,
growthepie,growthepie,,"[""[Dashboard](https://www.growthepie.com/)""]","[""Active wallets"",""Transactions Volume"",""Transactions throughput"",""Value secured"",""Revenue"",""Transactions costs"",""Most active contracts"",""Risk analysis""]",TRUE,,"[""REST API""]",$0,,Free,FALSE,
jiffyscan,jiffyscan.xyz,,"[""[Dashboard](https://jiffyscan.xyz/)""]","[""ERC4337 analytics""]",TRUE,,"[""REST API""]","$0/$54/$103/mo (monthly plan), $0/$43/$83/mo (yearly plan)",,Tiered,FALSE,
l2beat,L2BEAT,,"[""[Dashboard](https://l2beat.com/scaling/summary)""]","[""TVL"",""On-chain costs"",""Risk analysis"",""Technical chain analysis""]",TRUE,,"[""REST API""]",$0,,Free,FALSE,
laevitas-custom-enterprise,Laevitas,,"[""[Dashboard](https://www.laevitas.ch/)""]","[""API and Institutional Feeds""]",TRUE,,"[""REST API""]",Custom,Custom Enterprise,Enterprise,FALSE,
laevitas-enterprise,Laevitas,,"[""[Dashboard](https://www.laevitas.ch/)""]","[""API and Institutional Feeds""]",TRUE,1 year,"[""REST API""]",$500/mo,Enterprise,Tiered,FALSE,
laevitas-free,Laevitas,,"[""[Dashboard](https://www.laevitas.ch/)""]","[""API and Institutional Feeds""]",TRUE,1 week,"[""REST API""]",$0,,Free,FALSE,
laevitas-premium,Laevitas,,"[""[Dashboard](https://www.laevitas.ch/)""]","[""API and Institutional Feeds""]",TRUE,1 year,"[""REST API""]",$50/mo,Premium,Tiered,FALSE,
lunarcrush-builder,LunarCrush,,"[""[Buy](https://lunarcrush.com/pricing)""]","[""Cryptocurrency Exchanges"",""News Sites"",""Social Media"",""Time-Series Intelligence""]",TRUE,,"[""REST API""]","$15/day (daily plan),$300/mo (monthly plan),$240/mo (yearly plan)",Builder,Tiered,FALSE,
lunarcrush-enterprise,LunarCrush,,"[""[Contact](https://lunarcrush.com/pricing)""]","[""Cryptocurrency Exchanges"",""News Sites"",""Social Media"",""Time-Series Intelligence""]",TRUE,,"[""REST API""]",Custom,,Enterprise,FALSE,
lunarcrush-hobby,LunarCrush,,"[""[Website](https://lunarcrush.com/home?category=cryptocurrencies)""]","[""Cryptocurrency Exchanges"",""News Sites"",""Social Media"",""Time-Series Intelligence""]",TRUE,,"[""REST API""]",$0,Hobby,Free,FALSE,
lunarcrush-individual,LunarCrush,,"[""[Buy](https://lunarcrush.com/pricing)""]","[""Cryptocurrency Exchanges"",""News Sites"",""Social Media"",""Time-Series Intelligence""]",TRUE,,"[""REST API""]","$5/day (daily plan),$90/mo (monthly plan),$72/mo (yearly plan)",Individual,Tiered,FALSE,
lunarcrush-scale,LunarCrush,,"[""[Buy](https://lunarcrush.com/pricing)""]","[""Cryptocurrency Exchanges"",""News Sites"",""Social Media"",""Time-Series Intelligence""]",TRUE,,"[""REST API""]","$45/day (daily plan),$900/mo (monthly plan),$720/mo (yearly plan)",Scale,Tiered,FALSE,
messari,Messari,,"[""[Dashboard](https://messari.io/)""]","[""Network Metrics"",""TVL & Market Data"",""On‑chain Usage Metrics""]",TRUE,,"[""Research Reports"",""API Access"",""Dashboard""]",$0/$4000/year,,Tiered,FALSE,
nansen,Nansen,,"[""[Dashboard](https://app.nansen.ai)""]","[""Exchange Flows"",""Token Distribution"",""DeFi Activity"",""NFT Analytics"",""Wallet Labels""]",TRUE,,"[""Smart Money API"",""Profiler API"",""API Keys""]","$0/$69/mo (monthly plan), $0/$49/mo (yearly plan)",,Tiered,FALSE,
nodely-network-analytics,Nodely,Network Analytics,"[""[Dashboard](https://g.nodely.io/d/network)"",""[Telemetry](https://g.nodely.io/d/telemetrymain)""]","[""Network Metrics"",""TPS"",""Ledger Size"",""Consensus"",""Staking"",""Node Telemetry""]",TRUE,,,$0,,Free,FALSE,"[""Network Analytics""]"
santiment-business-max,Santiment,,"[""[Buy](https://app.santiment.net/pricing?plans=business)""]","[""On-Chain Data"",""Social Media Data"",""Financial/Market Data""]",TRUE,,"[""SanAPI""]","$999/mo,$11388/yr",Business Max,Tiered,FALSE,
santiment-business-pro,Santiment,,"[""[Buy](https://app.santiment.net/pricing?plans=business)""]","[""On-Chain Data"",""Social Media Data"",""Financial/Market Data""]",TRUE,,"[""SanAPI""]","$420/mo,$4788/yr",Business Pro,Tiered,FALSE,
santiment-enterprise,Santiment,,"[""[Contact](https://calendly.com/santiment-team/santiment-enterprise-plan-enquiry)""]","[""On-Chain Data"",""Social Media Data"",""Financial/Market Data""]",TRUE,,"[""SanAPI""]",Custom,,Enterprise,FALSE,
santiment-free,Santiment,,"[""[Website](https://app.santiment.net/)""]","[""On-Chain Data"",""Social Media Data"",""Financial/Market Data""]",TRUE,,"[""SanAPI""]",$0,,Free,FALSE,
santiment-sanbase-max,Santiment,,"[""[Buy](https://app.santiment.net/pricing?plans=consumer)""]","[""On-Chain Data"",""Social Media Data"",""Financial/Market Data""]",TRUE,,"[""SanAPI""]","$49/mo,$529/yr",Sanbase Max,Tiered,FALSE,
santiment-sanbase-pro,Santiment,,"[""[Buy](https://app.santiment.net/pricing?plans=consumer)""]","[""On-Chain Data"",""Social Media Data"",""Financial/Market Data""]",TRUE,,"[""SanAPI""]","$249/mo,$2700/yr",Sanbase Pro,Tiered,FALSE,
sentry-aleno,Sentry by Aleno,,"[""[Docs](https://docs.aleno.ai/apis/rest-v1)""]","[""Asset prices"",""TVL"",""Cross-chain activity metrics"",""Cross protocol data"",""Market analysis metrics""]",FALSE,,"[""REST API""]",Custom,,Enterprise,FALSE,
starboard,Starboard,,"[""[Dashboard](https://dashboard.starboard.ventures/dashboard/analytics#capacityservices-storage-state)""]","[""DeFI Deposits / Borrows"",""Storage Capacity"",""Data Utilization Rate"",""Active Miners"",""Capacity Added"",""Sector Onboarding"",""Sectors Expiration"",""Capacity Terminated"",""Storage Power Added"",""Sectors Added"",""Faults"",""Retrieval Success Rate"",""Block Rewards"",""Commit Pledge"",""Active Deals"",""Deal Duration"",""Deal Size"",""Deal Collateral"",""DataCap"",""Network Fee"",""Sealing cost"",""Deal Publication Cost"",""Contract Invocation Cost"",""Gas Usage"",""Circulating Supply"",""Contracts"",""Transactions"",""Active Users"",""Accounts"",""Miner Revenue""]",TRUE,,"[""Scope Space API"",""Data API"",""FVM Explorer APIs"",""Hardhat plugin API""]",$0,,Free,FALSE,
tokenterminal,token terminal,,"[""[Dashboard](https://tokenterminal.com/)""]","[""Active wallets"",""Active projects"",""Revenue"",""Fees""]",TRUE,,"[""JSON-RPC with 60 RPS""]","$0/$350/mo (monthly plan), $0/$292/mo (yearly plan)",,Tiered,FALSE,
zapper,Zapper,,"[""[Dashboard](https://zapper.xyz/)""]","[""Portfolio"",""NFTs"",""DeFi""]",TRUE,,"[""GraphQL""]",$0,,Free,FALSE,
