slug,provider,offer,actionButtons,chain,technology,txSpeedSla,throughputSla,openSource,support,supportedChains,starred,availableApis,monitoringAndAnalytics,additionalFeatures,assetTypes,price,economicalSecurity,economicalSecurityNote,auditsPerformed,decentralizationModel,sdk,tag
across,,!offer:across,,mainnet,,,,,,,,,,,,,,,,,,
hyperlane,,!offer:hyperlane,,mainnet,,,,,,,,,,,,,,,,,,
layerswap,,!offer:layerswap,,mainnet,,,,,,,,,,,,,,,,,,
orbiter,,!offer:orbiter,,mainnet,,,,,,,,,,,,,,,,,,
owlto,,!offer:owlto,,mainnet,,,,,,,,,,,,,,,,,,
rango,,!offer:rango,,mainnet,,,,,,,,,,,,,,,,,,
smolrefuel,,!offer:smolrefuel,,mainnet,,,,,,,,,,,,,,,,,,
stargate,,!offer:stargate,,mainnet,,,,,,,,,,,,,,,,,,
superbridge,,!offer:superbridge,,mainnet,,,,,,,,,,,,,,,,,,
