slug,provider,offer,actionButtons,toolType,tag,price,planType,planName,description,starred
lighthouse-free,,!offer:lighthouse-free,,,,,,,,
lighthouse-lite,,!offer:lighthouse-lite,,,,,,,,
lighthouse-premium,,!offer:lighthouse-premium,,,,,,,,
pinata-fiesta,,!offer:pinata-fiesta,,,,,,,,
pinata-free,,!offer:pinata-free,,,,,,,,
pinata-picnic,,!offer:pinata-picnic,,,,,,,,
zeeve-build,,!offer:zeeve-build,,,,,,,,
zeeve-free,,!offer:zeeve-free,,,,,,,,
zeeve-growth,,!offer:zeeve-growth,,,,,,,,
zeeve-launch,,!offer:zeeve-launch,,,,,,,,
