slug,provider,offer,actionButtons,tag,description,planType,planName,price,trial,starred,toolType,deliveryType,executionEnvironment,coverage,compliance
abdk,,!offer:abdk,,,,,,,,,,,,,
aderyn,,!offer:aderyn,,,,,,,,,,,,,
audit-base-pay-as-you-go,,!offer:audit-base-pay-as-you-go,,,,,,,,,,,,,
audit-base-pro,,!offer:audit-base-pro,,,,,,,,,,,,,
audit-base-starter,,!offer:audit-base-starter,,,,,,,,,,,,,
audit-base-team,,!offer:audit-base-team,,,,,,,,,,,,,
beosin-smart-contract-audit,,!offer:beosin-smart-contract-audit,,,,,,,,,,,,,
certora-gambit,,!offer:certora-gambit,,,,,,,,,,,,,
certora-prover-basic,,!offer:certora-prover-basic,,,,,,,,,,,,,
certora-prover-enterprise,,!offer:certora-prover-enterprise,,,,,,,,,,,,,
certora-prover-premium,,!offer:certora-prover-premium,,,,,,,,,,,,,
chainsecurity,,!offer:chainsecurity,,,,,,,,,,,,,
chimera,,!offer:chimera,,,,,,,,,,,,,
consensys-diligence-smart-contract-audit,,!offer:consensys-diligence-smart-contract-audit,,,,,,,,,,,,,
echidna,,!offer:echidna,,,,,,,,,,,,,
hacken-smart-contract-audit,,!offer:hacken-smart-contract-audit,,,,,,,,,,,,,
halmos,,!offer:halmos,,,,,,,,,,,,,
hevm,,!offer:hevm,,,,,,,,,,,,,
kontrol,,!offer:kontrol,,,,,,,,,,,,,
kudelski-smart-contract-secure-code-review,,!offer:kudelski-smart-contract-secure-code-review,,,,,,,,,,,"FEVM, Solidity",,
medusa,,!offer:medusa,,,,,,,,,,,,,
mythril,,!offer:mythril,,,,,,,,,,,,,
openzeppelin-audits,,!offer:openzeppelin-audits,,,,,,,,,,,,,
peckshield-audit,,!offer:peckshield-audit,,,,,,,,,,,,,
revoke-cash,,!offer:revoke-cash,,,,,,,,,,,,,
salus-audit,,!offer:salus-audit,,,,,,,,,,,,,
slither,,!offer:slither,,,,,,,,,,,,,
slowmist-audit,,!offer:slowmist-audit,,,,,,,,,,,,,
solhint,,!offer:solhint,,,,,,,,,,,,,
solidityscan-on-demand,,!offer:solidityscan-on-demand,,,,,,,,,,,,,
solidityscan-pro,,!offer:solidityscan-pro,,,,,,,,,,,,,
solidityscan-starter,,!offer:solidityscan-starter,,,,,,,,,,,,,
wake-security,,!offer:wake-security,,,,,,,,,,,,,
ziion-linux-distro,,!offer:ziion-linux-distro,,,,,,,,,,,,,
