slug,provider,offer,actionButtons,toolType,tag,price,planName,planType,description,starred
agent-kit,,!offer:agent-kit,,,,,,,,
ape-worx-evm-trace,,!offer:ape-worx-evm-trace,,,,,,,,
dapprovals-basic,,!offer:dapprovals-basic,,,,,,,,
dapprovals-standard,,!offer:dapprovals-standard,,,,,,,,
filecoin-pay,,!offer:filecoin-pay,,,,,,,,
filecoin-signing-tools,,!offer:filecoin-signing-tools,,,,,,,,
fvm-beryx-address-converter,,!offer:fvm-beryx-address-converter,,,,,,,,
fvm-go-graphsplit,,!offer:fvm-go-graphsplit,,,,,,,,
fvm-tinygo-sdk,,!offer:fvm-tinygo-sdk,,,,,,,,
intellij-solidity-plugin,,!offer:intellij-solidity-plugin,,,,,,,,
mosaia-explorer,,!offer:mosaia-explorer,,,,,,,,
mosaia-pro,,!offer:mosaia-pro,,,,,,,,
multicall3,,!offer:multicall3,"[""[Website](https://www.multicall3.com)"",""[Docs](https://docs.filecoin.io/build-on-filecoin/advanced/multicall)""]",,,,,,,
reown-free,,!offer:reown-free,,,,,,,,
reown-pro,,!offer:reown-pro,,,,,,,,
