slug,provider,offer,actionButtons,chain,technology,txSpeedSla,throughputSla,openSource,support,supportedChains,starred,availableApis,monitoringAndAnalytics,additionalFeatures,assetTypes,price,economicalSecurity,economicalSecurityNote,auditsPerformed,decentralizationModel,sdk,tag
chainspot,,!offer:chainspot,,mainnet,,,,,,,,,,,,,,,,,,
crosscurve,,!offer:crosscurve,,mainnet,,,,,,,,,,,,,,,,,,
hyperlane,,!offer:hyperlane,,mainnet,,,,,,,,,,,,,,,,,,
interport,,!offer:interport,,mainnet,,,,,,,,,,,,,,,,,,
jumper,,!offer:jumper,,mainnet,,,,,,,,,,,,,,,,,,
layerswap,,!offer:layerswap,,mainnet,,,,,,,,,,,,,,,,,,
meson,,!offer:meson,,mainnet,,,,,,,,,,,,,,,,,,
okutrade,,!offer:okutrade,,mainnet,,,,,,,,,,,,,,,,,,
orbiter,,!offer:orbiter,,mainnet,,,,,,,,,,,,,,,,,,
owlto,,!offer:owlto,,mainnet,,,,,,,,,,,,,,,,,,
pheasant,,!offer:pheasant,,mainnet,,,,,,,,,,,,,,,,,,
rango,,!offer:rango,,mainnet,,,,,,,,,,,,,,,,,,
rhinofi,,!offer:rhinofi,,mainnet,,,,,,,,,,,,,,,,,,
rubic,,!offer:rubic,,mainnet,,,,,,,,,,,,,,,,,,
smolrefuel,,!offer:smolrefuel,,mainnet,,,,,,,,,,,,,,,,,,
stargate,,!offer:stargate,,mainnet,,,,,,,,,,,,,,,,,,
symbiosis,,!offer:symbiosis,,mainnet,,,,,,,,,,,,,,,,,,
