slug,provider,offer,actionButtons,chain,txSpeedSla,throughputSla,technology,openSource,support,starred,availableApis,monitoringAndAnalytics,additionalFeatures,assetTypes,price,economicalSecurity,economicalSecurityNote,auditsPerformed,decentralizationModel,sdk,supportedChains,tag
allbridge-core,,!offer:allbridge-core,,mainnet,,,,,,,,,,,,,,,,,,
axelar,,!offer:axelar,,mainnet,,,,,,,,,,,,,,,,,,
crosscurve,,!offer:crosscurve,,mainnet,,,,,,,,,,,,,,,,,,
debridge,,!offer:debridge,,mainnet,,,,,,,,,,,,,,,,,,
ecoportal,,!offer:ecoportal,,mainnet,,,,,,,,,,,,,,,,,,
hyperlane,,!offer:hyperlane,,mainnet,,,,,,,,,,,,,,,,,,
interport,,!offer:interport,,mainnet,,,,,,,,,,,,,,,,,,
jumper,,!offer:jumper,,mainnet,,,,,,,,,,,,,,,,,,
layerswap,,!offer:layerswap,,mainnet,,,,,,,,,,,,,,,,,,
meson,,!offer:meson,,mainnet,,,,,,,,,,,,,,,,,,
okutrade,,!offer:okutrade,,mainnet,,,,,,,,,,,,,,,,,,
orbiter,,!offer:orbiter,,mainnet,,,,,,,,,,,,,,,,,,
rango,,!offer:rango,,mainnet,,,,,,,,,,,,,,,,,,
rhinofi,,!offer:rhinofi,,mainnet,,,,,,,,,,,,,,,,,,
routerprotocol,,!offer:routerprotocol,,mainnet,,,,,,,,,,,,,,,,,,
smolrefuel,,!offer:smolrefuel,,mainnet,,,,,,,,,,,,,,,,,,
squid,,!offer:squid,,mainnet,,,,,,,,,,,,,,,,,,
stargate,,!offer:stargate,,mainnet,,,,,,,,,,,,,,,,,,
symbiosis,,!offer:symbiosis,,mainnet,,,,,,,,,,,,,,,,,,
transporter,,!offer:transporter,,mainnet,,,,,,,,,,,,,,,,,,
wanchain,,!offer:wanchain,,mainnet,,,,,,,,,,,,,,,,,,
wormhole,,!offer:wormhole,,mainnet,,,,,,,,,,,,,,,,,,
